city,postal_code,ad_type,property_type,reference,title,publication_date,modification_date,new_property,rooms_quantity,bedrooms_quantity,price,surfaceArea,photos
Muret,31600,buy,programme,132,BEDADIA,1970-01-01T00:00:00.000Z,2026-03-25T13:36:25.639Z,True,4,,"[220000, 246000]","[83.45, 83.97]","https://pi-3101ep.o2-softwares.fr/medias/programmes/132/photos/290_hd.jpg?v=1748007358, https://pi-3101ep.o2-softwares.fr/medias/programmes/132/photos/289_hd.jpg?v=1748007357, https://pi-3101ep.o2-softwares.fr/medias/programmes/132/photos/288_hd.jpg?v=1748007356, https://pi-3101ep.o2-softwares.fr/medias/programmes/132/photos/338_hd.jpg?v=1768486597"
Muret,31600,buy,house,1991158,Vente Maison/villa 8 pičces,2026-04-13T20:51:46.679Z,2026-04-15T11:26:40.117Z,False,8,5,587000,270,"https://images.playiad.com/property/broadcast/2026/04/13/019d8830c2410013c1c5396b6355f3b1.jpg, https://images.playiad.com/property/broadcast/2026/04/13/019d880d82084e61c6f130df8f2b1aa2.png, https://images.playiad.com/property/broadcast/2026/04/13/019d88207fcb89a3d65a2f2c99a667c5.jpg, https://images.playiad.com/property/broadcast/2026/04/13/019d880de744aa5a89bb54d03077a4b6.jpg, https://images.playiad.com/property/broadcast/2026/04/13/019d881c1d3f6d721e979ca59a930d3c.jpg, https://images.playiad.com/property/broadcast/2026/04/13/019d88165fda9a9be35859c1360f4878.png, https://images.playiad.com/property/broadcast/2026/04/13/019d881a548eb8b1724765bb9126dba0.png, https://images.playiad.com/property/broadcast/2026/04/13/019d8827aca3ed484052309ff0cd4c18.png, https://images.playiad.com/property/broadcast/2026/04/13/019d882ba0bb3add291db7a04aceb878.png, https://images.playiad.com/property/broadcast/2026/04/13/019d882481b02bd6ce05ff380390b00f.jpg, https://images.playiad.com/property/broadcast/2026/04/13/019d881f667dbc931ea3211818575bd6.png, https://images.playiad.com/property/broadcast/2026/04/13/019d8823754d9329acf3695c50e36afe.png, https://images.playiad.com/property/broadcast/2026/04/13/019d88101b6af63c468d6449a2449c5a.png, https://images.playiad.com/property/broadcast/2026/04/13/019d88214fb895ace017d91292caf05b.jpg, https://images.playiad.com/property/broadcast/2026/04/13/019d88310e5f2f9a01809e440d2d6304.png, https://images.playiad.com/property/broadcast/2026/04/13/019d8816a234b399820a781fbff7e76c.jpg, https://images.playiad.com/property/broadcast/2026/04/13/019d88176077ff3555693d91d5357b83.jpg, https://images.playiad.com/property/broadcast/2026/04/13/019d8830c23fcf866bbf7c2da61b96d2.jpg, https://images.playiad.com/property/broadcast/2026/04/13/019d8830c2469fc8772e52b44ff95373.jpg, https://images.playiad.com/property/broadcast/2026/04/13/019d8830c1de3ed035258ba7c44dfc81.jpg, https://images.playiad.com/property/broadcast/2026/04/13/019d8830c1da7c89b45da3f2738b5ff3.jpg"
Muret,31600,buy,house,70722,,2026-03-28T01:36:23.877Z,2026-04-09T05:07:20.086Z,False,4,3,300000,70,"https://images.century21.fr/202/3832/c21_202_3832_70722_1_5344EEC1-B8AA-4894-89A8-5071C9B89864.jpg, https://images.century21.fr/202/3832/c21_202_3832_70722_1_B5390809-BECC-4E1D-A9A3-0400827350A7.jpg, https://images.century21.fr/202/3832/c21_202_3832_70722_1_64E57887-7D92-4857-84E0-28DA974DDEAF.jpg, https://images.century21.fr/202/3832/c21_202_3832_70722_1_9D958D2B-39A3-43F3-BEEF-42310CDE74D4.jpg, https://images.century21.fr/202/3832/c21_202_3832_70722_1_EB32CAAD-0654-4686-86A4-E090C060B750.jpg, https://images.century21.fr/202/3832/c21_202_3832_70722_1_12059A35-F95A-4E2F-83EB-FB957F2DDC39.jpg, https://images.century21.fr/202/3832/c21_202_3832_70722_1_54FFC3AB-5C1D-444D-8F2A-51785BABF4B3.jpg, https://images.century21.fr/202/3832/c21_202_3832_70722_1_A664F3BE-BF5F-4320-8EFB-4D7833ABC265.jpg, https://images.century21.fr/202/3832/c21_202_3832_70722_1_24A4800F-95BD-4EF7-AFC1-3FEDCC024AE5.jpg, https://images.century21.fr/202/3832/c21_202_3832_70722_1_EAAEC56F-D020-4899-9C16-421FB584F9CE.jpg, https://images.century21.fr/202/3832/c21_202_3832_70722_1_C27AE2AB-1D74-4BE8-A5F1-F6954BBFF3A0.jpg, https://images.century21.fr/202/3832/c21_202_3832_70722_1_89CAA8E3-CAA6-41CE-B210-43E8C13E621D.jpg, https://images.century21.fr/202/3832/c21_202_3832_70722_1_1C899C67-9F6A-4D2C-9A6A-005ACE79C43C.jpg, https://images.century21.fr/202/3832/c21_202_3832_70722_1_3F23109F-D59A-4417-890B-358006165F34.jpg, https://images.century21.fr/202/3832/c21_202_3832_70722_1_F1C24A0D-42AE-4721-8DC2-D0CA371193EF.jpg"
Muret,31600,buy,house,5592,"Belle maison familiale 141 m˛, 5 chambres et piscine - quartier du Barry ŕ Muret",2026-03-02T19:13:37.217Z,2026-04-15T08:46:30.114Z,False,7,5,415000,141.29,"https://media.immo-facile.com/office15/avis-immobilier-hautegaronne/catalog/images/pr_p/3/9/4/1/6/9/4/9/39416949a.jpg?DATEMAJ=02/03/2026-18:40:34, https://media.immo-facile.com/office15/avis-immobilier-hautegaronne/catalog/images/pr_p/3/9/4/1/6/9/4/9/39416949b.jpg?DATEMAJ=02/03/2026-18:40:34, https://media.immo-facile.com/office15/avis-immobilier-hautegaronne/catalog/images/pr_p/3/9/4/1/6/9/4/9/39416949c.jpg?DATEMAJ=02/03/2026-18:40:34, https://media.immo-facile.com/office15/avis-immobilier-hautegaronne/catalog/images/pr_p/3/9/4/1/6/9/4/9/39416949d.jpg?DATEMAJ=02/03/2026-18:40:34, https://media.immo-facile.com/office15/avis-immobilier-hautegaronne/catalog/images/pr_p/3/9/4/1/6/9/4/9/39416949e.jpg?DATEMAJ=02/03/2026-18:40:34, https://media.immo-facile.com/office15/avis-immobilier-hautegaronne/catalog/images/pr_p/3/9/4/1/6/9/4/9/39416949f.jpg?DATEMAJ=02/03/2026-18:40:34, https://media.immo-facile.com/office15/avis-immobilier-hautegaronne/catalog/images/pr_p/3/9/4/1/6/9/4/9/39416949g.jpg?DATEMAJ=02/03/2026-18:40:34, https://media.immo-facile.com/office15/avis-immobilier-hautegaronne/catalog/images/pr_p/3/9/4/1/6/9/4/9/39416949h.jpg?DATEMAJ=02/03/2026-18:40:34, https://media.immo-facile.com/office15/avis-immobilier-hautegaronne/catalog/images/pr_p/3/9/4/1/6/9/4/9/39416949i.jpg?DATEMAJ=02/03/2026-18:40:34, https://media.immo-facile.com/office15/avis-immobilier-hautegaronne/catalog/images/pr_p/3/9/4/1/6/9/4/9/39416949j.jpg?DATEMAJ=02/03/2026-18:40:34, https://media.immo-facile.com/office15/avis-immobilier-hautegaronne/catalog/images/pr_p/3/9/4/1/6/9/4/9/39416949k.jpg?DATEMAJ=02/03/2026-18:40:34, https://media.immo-facile.com/office15/avis-immobilier-hautegaronne/catalog/images/pr_p/3/9/4/1/6/9/4/9/39416949l.jpg?DATEMAJ=02/03/2026-18:40:34, https://media.immo-facile.com/office15/avis-immobilier-hautegaronne/catalog/images/pr_p/3/9/4/1/6/9/4/9/39416949m.jpg?DATEMAJ=02/03/2026-18:40:34, https://media.immo-facile.com/office15/avis-immobilier-hautegaronne/catalog/images/pr_p/3/9/4/1/6/9/4/9/39416949n.jpg?DATEMAJ=02/03/2026-18:54:03, https://media.immo-facile.com/office15/avis-immobilier-hautegaronne/catalog/images/pr_p/3/9/4/1/6/9/4/9/39416949o.jpg?DATEMAJ=02/03/2026-18:40:34, https://media.immo-facile.com/office15/avis-immobilier-hautegaronne/catalog/images/pr_p/3/9/4/1/6/9/4/9/39416949p.jpg?DATEMAJ=02/03/2026-18:40:34, https://media.immo-facile.com/office15/avis-immobilier-hautegaronne/catalog/images/pr_p/3/9/4/1/6/9/4/9/39416949q.jpg?DATEMAJ=02/03/2026-18:40:34"
Muret,31600,buy,house,1958392,Vente Maison/villa 5 pičces,2026-02-26T18:59:21.518Z,2026-04-02T03:31:47.291Z,False,5,4,299990,125,"https://images.playiad.com/property/broadcast/2026/03/17/019cfc1981b56c9f21334f4e5df4ea8a.png, https://images.playiad.com/property/broadcast/2026/03/17/019cfc1980258ad3b83c285dde7b699a.png, https://images.playiad.com/property/broadcast/2026/02/20/019c7b77a2d8ad7c09c556f090ca0599.png, https://images.playiad.com/property/broadcast/2026/02/20/019c7b779f3b69f351309508480539f8.png, https://images.playiad.com/property/broadcast/2026/02/20/019c7b779ff5ff01c92fe46ba434142a.png, https://images.playiad.com/property/broadcast/2026/02/20/019c7b779fd1b79ab4c8156462ffc75a.png, https://images.playiad.com/property/broadcast/2026/02/20/019c7b77a355ee328937061ff5b9a753.png, https://images.playiad.com/property/broadcast/2026/02/20/019c7b779f46c635a21556f63819bc1d.png, https://images.playiad.com/property/broadcast/2026/02/20/019c7b779ff1cb7cb665e34f97065c00.png, https://images.playiad.com/property/broadcast/2026/02/20/019c7b779e3b45b4531a8d593d6e03c5.png, https://images.playiad.com/property/broadcast/2026/02/20/019c7b677ea1f4cce44a5011f346833a.jpg, https://images.playiad.com/property/broadcast/2026/02/20/019c7b677e72b72e0506ffb38e875d2a.jpg, https://images.playiad.com/property/broadcast/2026/03/09/019cd4807bb4e8b51d10275d0d26ccd1.png, https://images.playiad.com/property/broadcast/2026/03/17/019cfc1c0b83f371c4c807ef8aa86b17.jpg, https://images.playiad.com/property/broadcast/2026/03/17/019cfc1c0b87b29da4b0623258410179.jpg"
Muret,31600,buy,house,7066,Maison Muret 6 pičce(s) 126.43 m2,1970-01-01T00:00:00.000Z,2026-04-10T08:48:56.476Z,False,6,4,398000,126.43,"https://media.immo-facile.com/office9/laforet_bordeauxcauderan_lr/catalog/images/pr_p/5/2/2/3/3/8/1/4/52233814a.jpg?DATEMAJ=29/07/2025-20:40:56, https://media.immo-facile.com/office9/laforet_bordeauxcauderan_lr/catalog/images/pr_p/5/2/2/3/3/8/1/4/52233814b.jpg?DATEMAJ=29/07/2025-20:40:56, https://media.immo-facile.com/office9/laforet_bordeauxcauderan_lr/catalog/images/pr_p/5/2/2/3/3/8/1/4/52233814c.jpg?DATEMAJ=29/07/2025-20:40:56, https://media.immo-facile.com/office9/laforet_bordeauxcauderan_lr/catalog/images/pr_p/5/2/2/3/3/8/1/4/52233814d.jpg?DATEMAJ=29/07/2025-20:40:56, https://media.immo-facile.com/office9/laforet_bordeauxcauderan_lr/catalog/images/pr_p/5/2/2/3/3/8/1/4/52233814e.jpg?DATEMAJ=29/07/2025-20:40:56, https://media.immo-facile.com/office9/laforet_bordeauxcauderan_lr/catalog/images/pr_p/5/2/2/3/3/8/1/4/52233814f.jpg?DATEMAJ=29/07/2025-20:40:56, https://media.immo-facile.com/office9/laforet_bordeauxcauderan_lr/catalog/images/pr_p/5/2/2/3/3/8/1/4/52233814g.jpg?DATEMAJ=29/07/2025-20:40:56, https://media.immo-facile.com/office9/laforet_bordeauxcauderan_lr/catalog/images/pr_p/5/2/2/3/3/8/1/4/52233814h.jpg?DATEMAJ=29/07/2025-20:40:56, https://media.immo-facile.com/office9/laforet_bordeauxcauderan_lr/catalog/images/pr_p/5/2/2/3/3/8/1/4/52233814i.jpg?DATEMAJ=29/07/2025-20:40:56, https://media.immo-facile.com/office9/laforet_bordeauxcauderan_lr/catalog/images/pr_p/5/2/2/3/3/8/1/4/52233814j.jpg?DATEMAJ=29/07/2025-20:40:56, https://media.immo-facile.com/office9/laforet_bordeauxcauderan_lr/catalog/images/pr_p/5/2/2/3/3/8/1/4/52233814k.jpg?DATEMAJ=29/07/2025-20:40:56, https://media.immo-facile.com/office9/laforet_bordeauxcauderan_lr/catalog/images/pr_p/5/2/2/3/3/8/1/4/52233814l.jpg?DATEMAJ=29/07/2025-20:40:56, https://media.immo-facile.com/office9/laforet_bordeauxcauderan_lr/catalog/images/pr_p/5/2/2/3/3/8/1/4/52233814m.jpg?DATEMAJ=29/07/2025-20:40:56, https://media.immo-facile.com/office9/laforet_bordeauxcauderan_lr/catalog/images/pr_p/5/2/2/3/3/8/1/4/52233814n.jpg?DATEMAJ=29/07/2025-20:40:56, https://media.immo-facile.com/office9/laforet_bordeauxcauderan_lr/catalog/images/pr_p/5/2/2/3/3/8/1/4/52233814o.jpg?DATEMAJ=29/07/2025-20:40:57, https://media.immo-facile.com/office9/laforet_bordeauxcauderan_lr/catalog/images/pr_p/5/2/2/3/3/8/1/4/52233814p.jpg?DATEMAJ=29/07/2025-20:40:57, https://media.immo-facile.com/office9/laforet_bordeauxcauderan_lr/catalog/images/pr_p/5/2/2/3/3/8/1/4/52233814q.jpg?DATEMAJ=29/07/2025-20:40:57, https://media.immo-facile.com/office9/laforet_bordeauxcauderan_lr/catalog/images/pr_p/5/2/2/3/3/8/1/4/52233814r.jpg?DATEMAJ=29/07/2025-20:40:57"
Muret,31600,buy,flat,1896290,Vente Duplex 4 pičces,1970-01-01T00:00:00.000Z,2026-03-27T04:24:33.839Z,False,4,3,243000,170,"https://images.playiad.com/property/broadcast/2026/03/13/019ce7d0e0aca7d9e1e41a2f1dc4b859.jpg, https://images.playiad.com/property/broadcast/2026/03/13/019ce7d0e05fbe0cffc9adb1a4b56c9b.jpg, https://images.playiad.com/property/broadcast/2026/03/13/019ce7d0de248638e4f06fb7ba4472fe.jpg, https://images.playiad.com/property/broadcast/2026/03/13/019ce7d0e1a539306a69d61df1965628.jpg, https://images.playiad.com/property/broadcast/2026/03/13/019ce7d0df02af0c1e89ed63a4f2abe2.jpg, https://images.playiad.com/property/broadcast/2026/03/13/019ce7d0de33a8a7c6dae7ae38a135f9.jpg, https://images.playiad.com/property/broadcast/2026/03/13/019ce7d0dd9e741fffc943f3978599dd.jpg, https://images.playiad.com/property/broadcast/2026/03/13/019ce7d0e0763f3c3832a973b29f219c.jpg, https://images.playiad.com/property/broadcast/2026/03/13/019ce7d0de643d8aee241ccdad28d698.jpg, https://images.playiad.com/property/broadcast/2026/03/13/019ce7d0de4638cdbc1837daa261eae4.jpg, https://images.playiad.com/property/broadcast/2026/03/13/019ce7d0db1231413ed454e479a71fa7.jpg, https://images.playiad.com/property/broadcast/2026/03/13/019ce7d0dc74d03e09e52cbc49911ae6.jpg, https://images.playiad.com/property/broadcast/2026/03/13/019ce7d0e27f1629b46e1fbabe32890e.jpg, https://images.playiad.com/property/broadcast/2026/03/13/019ce7d0dd6a08d10791a9ca58974680.jpg, https://images.playiad.com/property/broadcast/2026/03/13/019ce7d0ddc9c5b48cdb06bc995057a3.jpg, https://images.playiad.com/property/broadcast/2026/03/13/019ce7d0df30e0f9853e3432892c181f.jpg"
Muret,31600,buy,house,1895437,Vente Maison/villa 6 pičces,1970-01-01T00:00:00.000Z,2026-03-24T20:19:48.353Z,False,6,3,267000,113,"https://images.playiad.com/property/broadcast/2025/11/21/019aa6c61f6b0bf5fae57f7a700a4edc.jpg, https://images.playiad.com/property/broadcast/2025/11/21/019aa6c617077cd4d706bd202ce5ecc4.png, https://images.playiad.com/property/broadcast/2025/11/21/019aa6c616ac023afc62077f172128c4.png, https://images.playiad.com/property/broadcast/2025/11/21/019aa6c61dc75cbcf1227b07b6c48760.jpg, https://images.playiad.com/property/broadcast/2025/11/21/019aa6c61fba6f712fbad597ac2e6998.jpg, https://images.playiad.com/property/broadcast/2025/11/21/019aa6c61cbc777f98496b33d7185f71.jpg, https://images.playiad.com/property/broadcast/2025/11/21/019aa6c61f0a1009db6a5502115bba74.jpg, https://images.playiad.com/property/broadcast/2025/11/21/019aa6c61e745440299ac8d88ed770fa.jpg, https://images.playiad.com/property/broadcast/2025/11/21/019aa6c61f76814ca909236fc9f45c15.jpg, https://images.playiad.com/property/broadcast/2025/11/21/019aa6c61fb1c8a3827caeb01d5a5bc8.jpg, https://images.playiad.com/property/broadcast/2025/11/21/019aa6c61ff208578cde3d5f3a04e71c.jpg, https://images.playiad.com/property/broadcast/2025/11/21/019aa6c62014bb2bc029dd78e0695cc6.jpg, https://images.playiad.com/property/broadcast/2025/11/21/019aa6c61f7f785260535d38d19851ec.jpg, https://images.playiad.com/property/broadcast/2025/11/21/019aa6bc91346d494bd0b704f997f27c.jpg, https://images.playiad.com/property/broadcast/2025/11/21/019aa6bc90d12f5361c5ac8447dce8b7.jpg, https://images.playiad.com/property/broadcast/2025/11/21/019aa6bc91d2032cebd2ceaf9f786c7d.jpg, https://images.playiad.com/property/broadcast/2025/11/21/019aa6bc91317291ad05a67e2fd8ee38.jpg, https://images.playiad.com/property/broadcast/2025/11/21/019aa6bc91bc1ab85bfadc6f4d2bd302.jpg, https://images.playiad.com/property/broadcast/2025/11/21/019aa6bc91c9649104972d3be90dc83a.jpg, https://images.playiad.com/property/broadcast/2025/11/21/019aa6bc91573c0b694826b06aa5435d.jpg, https://images.playiad.com/property/broadcast/2025/11/21/019aa772b5fb7067b01c592943a91dd7.png, https://images.playiad.com/property/broadcast/2025/11/21/019aa772b5af7742f715774362e38e5c.png, https://images.playiad.com/property/broadcast/2025/11/21/019aa772b5f988adc96d52ac43f40506.png, https://images.playiad.com/property/broadcast/2025/11/21/019aa772b5d4ace8e148cb8c38f85b81.png"
Muret,31600,buy,house,1867747,Vente Maison traditionnelle 7 pičces,1970-01-01T00:00:00.000Z,2026-04-14T03:33:09.238Z,False,7,4,336000,221,"https://images.playiad.com/property/broadcast/2025/10/21/019a05e1c3a7dbff3c2f7e2e1050bb73.jpg, https://images.playiad.com/property/broadcast/2025/10/21/019a05e1c4721cdd3d60b12168dc7701.jpg, https://images.playiad.com/property/broadcast/2025/10/21/019a05e1c3ce920f915508a8dbc82772.jpg, https://images.playiad.com/property/broadcast/2025/10/21/019a05e1c3b342ceac763da3af969348.jpg, https://images.playiad.com/property/broadcast/2025/10/21/019a05e1c3abc4d8f030fd138a91154a.jpg, https://images.playiad.com/property/broadcast/2025/10/21/019a05e1c36a0f2b364fa7a8dba6d642.jpg, https://images.playiad.com/property/broadcast/2025/10/21/019a05e1c390e4fc509660b2fe1c4364.jpg, https://images.playiad.com/property/broadcast/2025/10/21/019a05e1c3c252c700985db774e6c105.jpg, https://images.playiad.com/property/broadcast/2025/10/21/019a05e1c2b7413b2420ca635de966a4.jpg, https://images.playiad.com/property/broadcast/2025/10/21/019a05e1c3263de8d350e11cd84580d2.jpg, https://images.playiad.com/property/broadcast/2025/10/21/019a05e1c3173f59b90457e616fe855a.jpg, https://images.playiad.com/property/broadcast/2025/10/21/019a05e1c2ba9248db62676082850fed.jpg, https://images.playiad.com/property/broadcast/2025/10/21/019a05e1c326a3cd2d62aeca0460f909.jpg, https://images.playiad.com/property/broadcast/2025/10/21/019a05e1c2f75dbab5e77525452592bc.jpg, https://images.playiad.com/property/broadcast/2025/10/21/019a05e1c3a83e2ccfaa82c836241189.jpg, https://images.playiad.com/property/broadcast/2025/10/21/019a05e1c33d962d9fd89e603f61c9b4.jpg, https://images.playiad.com/property/broadcast/2025/10/21/019a05e1c3582a02af81e54e38580452.jpg, https://images.playiad.com/property/broadcast/2025/10/21/019a05e1c40d6748139a306760c38853.jpg, https://images.playiad.com/property/broadcast/2025/10/21/019a05e1c264c1b493cb15580a8717ba.jpg, https://images.playiad.com/property/broadcast/2025/10/21/019a05e1c253cf2b9bbeca74804ad214.jpg"
Muret,31600,buy,house,71531,,1970-01-01T00:00:00.000Z,2026-04-06T05:07:23.251Z,False,4,3,200000,84.43,"https://images.century21.fr/202/3832/c21_202_3832_71531_1_7AEEC3F9-563B-482C-A117-438BFD05EE1F.jpg, https://images.century21.fr/202/3832/c21_202_3832_71531_1_60074758-5C7A-47F9-AAF9-AB93FE5ADF48.jpg, https://images.century21.fr/202/3832/c21_202_3832_71531_1_C6C6CDE6-AFF8-4B34-971C-EAA1D75CA549.jpg, https://images.century21.fr/202/3832/c21_202_3832_71531_1_43E9DD7B-B713-42DC-8B87-C89FE1BCCE6B.jpg, https://images.century21.fr/202/3832/c21_202_3832_71531_1_0555A333-912D-4D14-87DC-15E456E152B1.jpg, https://images.century21.fr/202/3832/c21_202_3832_71531_1_F335358C-5FB7-46FA-B288-D62AD1636100.jpg, https://images.century21.fr/202/3832/c21_202_3832_71531_1_4E994F8F-4D21-46BA-8EEE-01E5442D9E41.jpg, https://images.century21.fr/202/3832/c21_202_3832_71531_1_4CFECF77-8134-4B90-AB8C-AEE72F79930E.jpg, https://images.century21.fr/202/3832/c21_202_3832_71531_1_81057AC3-33ED-4E75-B291-19DD2F2BD223.jpg, https://images.century21.fr/202/3832/c21_202_3832_71531_1_F42DCB6E-1806-4738-BA04-B92E85BD6D08.jpg, https://images.century21.fr/202/3832/c21_202_3832_71531_1_2A52C897-C98A-407A-8F79-5D401FEB530E.jpg, https://images.century21.fr/202/3832/c21_202_3832_71531_1_505AF910-EE6C-4898-BFE7-C9526A1AA126.jpg, https://images.century21.fr/202/3832/c21_202_3832_71531_1_A6C0BD23-31DC-4C8E-9392-9B791109359F.jpg, https://images.century21.fr/202/3832/c21_202_3832_71531_1_DA5CDC3C-F36E-4F16-81B8-F5DCBFF83F4C.jpg, https://images.century21.fr/202/3832/c21_202_3832_71531_1_01A38CB0-05E7-444D-A164-7A5AF34DEA85.jpg, https://images.century21.fr/202/3832/c21_202_3832_71531_1_35CDBD01-7FCF-41A3-8AA9-7DE3E5CE9D29.jpg, https://images.century21.fr/202/3832/c21_202_3832_71531_1_52759997-B449-4B4F-AAB6-72AB49278CF4.jpg, https://images.century21.fr/202/3832/c21_202_3832_71531_1_64A60941-C5FB-4EE9-82D7-F0260F22A747.jpg"
