Ville,Type,Prix,Prix_annonce_m2,Prix_reference_m2,Décote_%,Rendement_brut,Label,Url
muret,Maison,360000.0,1621.62,2832.0,42.74,0.1043,Décote >20%,https://www.bienici.com/annonce/vente/muret/maison/5pieces/ag754248-524848619
toulouse,Maison,499000.0,2901.16,4077.0,28.84,0.0525,Décote >20%,https://www.bienici.com/annonce/vente/toulouse/maison/5pieces/ag313299-524211935
toulouse,Appartement,188000.0,2724.64,3507.0,22.31,0.0665,Décote >20%,https://www.bienici.com/annonce/vente/toulouse/appartement/3pieces/consortium-172737469
toulouse,Maison,210000.0,2658.23,4077.0,34.8,0.0573,Décote >20%,https://www.bienici.com/annonce/vente/toulouse/maison/4pieces/consortium-172706963
toulouse,Appartement,175000.0,2777.78,3507.0,20.79,0.0652,Décote >20%,https://www.bienici.com/annonce/vente/toulouse/appartement/3pieces/consortium-172682419
castelginest,Maison,398000.0,1519.08,2971.0,48.87,0.109,Décote >20%,https://www.bienici.com/annonce/vente/castelginest/maison/6pieces/ag754248-522179066
toulouse,Appartement,178000.0,2870.97,3507.0,18.14,0.0631,Décote >10%,https://www.bienici.com/annonce/vente/toulouse/appartement/3pieces/iad-france-856599
toulouse,Appartement,250000.0,3048.78,3507.0,13.07,0.0594,Décote >10%,https://www.bienici.com/annonce/vente/toulouse/appartement/4pieces/hektor-ESCUDERO-8370
toulouse,Appartement,145000.0,2311.13,3507.0,34.1,0.0784,Décote >20%,https://www.bienici.com/annonce/vente/toulouse/appartement/3pieces/iad-france-2041933
toulouse,Appartement,179000.0,2632.35,3507.0,24.94,0.0688,Décote >20%,https://www.bienici.com/annonce/vente/toulouse/appartement/3pieces/ag754248-520531103
toulouse,Maison,1095000.0,2627.85,4077.0,35.54,0.058,Décote >20%,https://www.bienici.com/annonce/vente/toulouse/maison/9pieces/hektor-3122MFRT-588
toulouse,Appartement,280000.0,2978.72,3507.0,15.06,0.0608,Décote >10%,https://www.bienici.com/annonce/vente/toulouse/appartement/4pieces/iad-france-2036363
toulouse,Maison,549000.0,2450.89,4077.0,39.88,0.0622,Décote >20%,https://www.bienici.com/annonce/vente/toulouse/maison/7pieces/apimo-86805512
toulouse,Maison,498000.0,3557.14,4077.0,12.75,0.0428,Décote >10%,https://www.bienici.com/annonce/vente/toulouse/maison/5pieces/iad-france-2038528
toulouse,Maison,639500.0,3248.5,4077.0,20.32,0.0469,Décote >20%,https://www.bienici.com/annonce/vente/toulouse/maison/8pieces/netty-innoveimmo-house-1489
toulouse,Appartement,168000.0,2555.52,3507.0,27.13,0.0709,Décote >20%,https://www.bienici.com/annonce/vente/toulouse/appartement/4pieces/laforet-immo-facile-52397508
toulouse,Maison,649000.0,3250.69,4077.0,20.27,0.0469,Décote >20%,https://www.bienici.com/annonce/vente/toulouse/maison/6pieces/century-21-202_3607_1626
toulouse,Appartement,262000.0,2757.89,3507.0,21.36,0.0657,Décote >20%,https://www.bienici.com/annonce/vente/toulouse/appartement/4pieces/iad-france-2017066
toulouse,Appartement,135000.0,2934.78,3507.0,16.32,0.0617,Décote >10%,https://www.bienici.com/annonce/vente/toulouse/appartement/3pieces/netty-taur-appt-4229
toulouse,Appartement,259500.0,2967.75,3507.0,15.38,0.0611,Décote >10%,https://www.bienici.com/annonce/vente/toulouse/appartement/4pieces/century-21-202_1052_121014
toulouse,Maison,525000.0,3017.24,4077.0,25.99,0.0505,Décote >20%,https://www.bienici.com/annonce/vente/toulouse/maison/5pieces/netty-company35153qdg-house-6926
toulouse,Maison,620000.0,3542.86,4077.0,13.1,0.043,Décote >10%,https://www.bienici.com/annonce/vente/toulouse/maison/7pieces/iad-france-2007590
fonsorbes,Maison,398000.0,1932.04,3075.0,37.17,0.0857,Décote >20%,https://www.bienici.com/annonce/vente/fonsorbes/maison/7pieces/consortium-171864223
toulouse,Appartement,194700.0,2988.03,3507.0,14.8,0.0606,Décote >10%,https://www.bienici.com/annonce/vente/toulouse/appartement/3pieces/nestenn-1-99939418527
toulouse,Appartement,200000.0,3023.89,3507.0,13.78,0.0599,Décote >10%,https://www.bienici.com/annonce/vente/toulouse/appartement/3pieces/iad-france-1988527
toulouse,Maison,400000.0,2857.14,4077.0,29.92,0.0533,Décote >20%,https://www.bienici.com/annonce/vente/toulouse/maison/7pieces/immo-facile-59787442
toulouse,Maison,609000.0,3383.33,4077.0,17.01,0.045,Décote >10%,https://www.bienici.com/annonce/vente/toulouse/maison/4pieces/citya-1-391-TMAI153952
toulouse,Appartement,250000.0,3013.86,3507.0,14.06,0.0601,Décote >10%,https://www.bienici.com/annonce/vente/toulouse/appartement/4pieces/iad-france-1963079
toulouse,Maison,325000.0,3186.27,4077.0,21.85,0.0478,Décote >20%,https://www.bienici.com/annonce/vente/toulouse/maison/5pieces/iad-france-1992550
saint-lys,Maison,480000.0,2016.81,2778.0,27.4,0.0803,Décote >20%,https://www.bienici.com/annonce/vente/saint-lys/maison/5pieces/consortium-171654972
toulouse,Appartement,78000.0,2888.89,3507.0,17.63,0.0627,Décote >10%,https://www.bienici.com/annonce/vente/toulouse/appartement/2pieces/iad-france-1983342
toulouse,Maison,347000.0,2628.79,4077.0,35.52,0.058,Décote >20%,https://www.bienici.com/annonce/vente/toulouse/maison/6pieces/laforet-immo-facile-52442673
cugnaux,Maison,299000.0,2555.56,3064.0,16.59,0.0549,Décote >10%,https://www.bienici.com/annonce/vente/cugnaux/maison/5pieces/hektor-LANNES2020-46731
toulouse,Maison,278000.0,3088.89,4077.0,24.24,0.0493,Décote >20%,https://www.bienici.com/annonce/vente/toulouse/maison/4pieces/hektor-hektor-1_lequipeimmo-3106
toulouse,Appartement,165000.0,2844.83,3507.0,18.88,0.0637,Décote >10%,https://www.bienici.com/annonce/vente/toulouse/appartement/3pieces/consortium-170858681
toulouse,Appartement,122000.0,2904.76,3507.0,17.17,0.0624,Décote >10%,https://www.bienici.com/annonce/vente/toulouse/appartement/2pieces/iad-france-1942813
toulouse,Maison,234900.0,2900.0,4077.0,28.87,0.0526,Décote >20%,https://www.bienici.com/annonce/vente/toulouse/maison/4pieces/iad-france-1942349
toulouse,Appartement,180000.0,3032.86,3507.0,13.52,0.0597,Décote >10%,https://www.bienici.com/annonce/vente/toulouse/appartement/3pieces/netty-company41053fpu-appt-1936
toulouse,Appartement,135000.0,2596.15,3507.0,25.97,0.0698,Décote >20%,https://www.bienici.com/annonce/vente/toulouse/appartement/3pieces/iad-france-1931447
toulouse,Appartement,169950.0,2599.42,3507.0,25.88,0.0697,Décote >20%,https://www.bienici.com/annonce/vente/toulouse/appartement/3pieces/netty-company40779suy-appt-4919
toulouse,Maison,580000.0,3452.38,4077.0,15.32,0.0441,Décote >10%,https://www.bienici.com/annonce/vente/toulouse/maison/5pieces/century-21-202_1052_120796
blagnac,Maison,338000.0,3017.86,3912.0,22.86,0.0497,Décote >20%,https://www.bienici.com/annonce/vente/blagnac/maison/6pieces/consortium-170059884
toulouse,Appartement,169500.0,2950.39,3507.0,15.87,0.0614,Décote >10%,https://www.bienici.com/annonce/vente/toulouse/appartement/3pieces/hektor-SETFIMMOBILIER2022-33527
colomiers,Maison,225000.0,2556.82,3335.0,23.33,0.0573,Décote >20%,https://www.bienici.com/annonce/vente/colomiers/maison/5pieces/consortium-169652264
toulouse,Appartement,146000.0,2654.55,3507.0,24.31,0.0683,Décote >20%,https://www.bienici.com/annonce/vente/toulouse/appartement/3pieces/iad-france-1863917
toulouse,Appartement,135500.0,1426.32,3507.0,59.33,0.127,Décote >20%,https://www.bienici.com/annonce/vente/toulouse/appartement/5pieces/century-21-202_1052_112524
toulouse,Maison,430000.0,3583.33,4077.0,12.11,0.0425,Décote >10%,https://www.bienici.com/annonce/vente/toulouse/maison/5pieces/hektor-1_ag311247-85139
toulouse,Maison,320000.0,3653.8,4077.0,10.38,0.0417,Décote >10%,https://www.bienici.com/annonce/vente/toulouse/maison/4pieces/century-21-202_1052_112185
toulouse,Appartement,240000.0,2467.87,3507.0,29.63,0.0734,Décote >20%,https://www.bienici.com/annonce/vente/toulouse/appartement/4pieces/iad-france-866722
toulouse,Appartement,124200.0,2920.29,3507.0,16.73,0.062,Décote >10%,https://www.bienici.com/annonce/vente/toulouse/appartement/2pieces/netty-ogp-appt-3578
toulouse,Appartement,205000.0,3014.71,3507.0,14.04,0.0601,Décote >10%,https://www.bienici.com/annonce/vente/toulouse/appartement/3pieces/laforet-immo-facile-52311397
plaisance-du-touch,Maison,330000.0,2357.14,3373.0,30.12,0.0779,Décote >20%,https://www.bienici.com/annonce/vente/plaisance-du-touch/maison/7pieces/netty-taur-house-451
toulouse,Appartement,199000.0,3034.46,3507.0,13.47,0.0597,Décote >10%,https://www.bienici.com/annonce/vente/toulouse/appartement/3pieces/hektor-LANNES2020-46792
toulouse,Maison,719900.0,2465.41,4077.0,39.53,0.0618,Décote >20%,https://www.bienici.com/annonce/vente/toulouse/maison/9pieces/ag133861-524140730
toulouse,Maison,299000.0,3378.53,4077.0,17.13,0.0451,Décote >10%,https://www.bienici.com/annonce/vente/toulouse/maison/4pieces/guy-hoquet-immo-facile-7543837
toulouse,Maison,320000.0,2318.84,4077.0,43.12,0.0657,Décote >20%,https://www.bienici.com/annonce/vente/toulouse/maison/4pieces/iad-france-870726
toulouse,Maison,409500.0,3102.27,4077.0,23.91,0.0491,Décote >20%,https://www.bienici.com/annonce/vente/toulouse/maison/4pieces/hektor-mytoulouse-771
toulouse,Maison,189000.0,3258.62,4077.0,20.07,0.0468,Décote >20%,https://www.bienici.com/annonce/vente/toulouse/maison/4pieces/immo-facile-60404878
toulouse,Appartement,149900.0,2331.26,3507.0,33.53,0.0777,Décote >20%,https://www.bienici.com/annonce/vente/toulouse/appartement/3pieces/immo-facile-60402806
toulouse,Appartement,119000.0,2479.17,3507.0,29.31,0.0731,Décote >20%,https://www.bienici.com/annonce/vente/toulouse/appartement/2pieces/citya-immobilier-20490-TAPP970140
toulouse,Appartement,130000.0,2063.49,3507.0,41.16,0.0878,Décote >20%,https://www.bienici.com/annonce/vente/toulouse/appartement/4pieces/citya-immobilier-20490-TAPP520053
toulouse,Appartement,182000.0,2899.94,3507.0,17.31,0.0625,Décote >10%,https://www.bienici.com/annonce/vente/toulouse/appartement/3pieces/netty-c2isudouest2-appt-3302
toulouse,Appartement,138000.0,3136.36,3507.0,10.57,0.0578,Décote >10%,https://www.bienici.com/annonce/vente/toulouse/appartement/2pieces/netty-company35153qdg-appt-6145
toulouse,Appartement,115000.0,2473.12,3507.0,29.48,0.0733,Décote >20%,https://www.bienici.com/annonce/vente/toulouse/appartement/2pieces/consortium-172683314
toulouse,Appartement,198000.0,2911.76,3507.0,16.97,0.0622,Décote >10%,https://www.bienici.com/annonce/vente/toulouse/appartement/3pieces/ag315079-523201676
toulouse,Appartement,145000.0,2543.86,3507.0,27.46,0.0712,Décote >20%,https://www.bienici.com/annonce/vente/toulouse/appartement/3pieces/citya-immobilier-20490-TAPP964257A
toulouse,Maison,383000.0,3461.05,4077.0,15.11,0.044,Décote >10%,https://www.bienici.com/annonce/vente/toulouse/maison/4pieces/century-21-202_3255_20192
toulouse,Appartement,195000.0,2241.38,3507.0,36.09,0.0808,Décote >20%,https://www.bienici.com/annonce/vente/toulouse/appartement/4pieces/ag754248-522612776
toulouse,Appartement,80000.0,1951.22,3507.0,44.36,0.0929,Décote >20%,https://www.bienici.com/annonce/vente/toulouse/appartement/2pieces/consortium-172604704
toulouse,Maison,190000.0,2872.26,4077.0,29.55,0.0531,Décote >20%,https://www.bienici.com/annonce/vente/toulouse/maison/3pieces/century-21-202_1052_120892
toulouse,Appartement,205000.0,3153.85,3507.0,10.07,0.0575,Décote >10%,https://www.bienici.com/annonce/vente de prestige/toulouse/appartement/3pieces/hektor-SETFIMMOBILIER2022-46947
toulouse,Appartement,159000.0,2741.38,3507.0,21.83,0.0661,Décote >20%,https://www.bienici.com/annonce/vente/toulouse/appartement/3pieces/netty-company35613nvq-appt-2127
toulouse,Appartement,219000.0,3084.51,3507.0,12.05,0.0587,Décote >10%,https://www.bienici.com/annonce/vente/toulouse/appartement/4pieces/laforet-immo-facile-52534854
toulouse,Appartement,199000.0,3037.24,3507.0,13.39,0.0597,Décote >10%,https://www.bienici.com/annonce/vente/toulouse/appartement/3pieces/immo-facile-60223894
blagnac,Maison,324000.0,3446.81,3912.0,11.89,0.0435,Décote >10%,https://www.bienici.com/annonce/vente/blagnac/maison/5pieces/ag754248-520964483
toulouse,Appartement,239000.0,3103.9,3507.0,11.49,0.0584,Décote >10%,https://www.bienici.com/annonce/vente/toulouse/appartement/4pieces/ag313299-520934912
toulouse,Appartement,169900.0,2674.75,3507.0,23.73,0.0677,Décote >20%,https://www.bienici.com/annonce/vente/toulouse/appartement/3pieces/netty-semenadisse-appt-1030
toulouse,Maison,555000.0,2803.03,4077.0,31.25,0.0544,Décote >20%,https://www.bienici.com/annonce/vente/toulouse/maison/7pieces/ag314213-520203137
toulouse,Appartement,190000.0,3114.75,3507.0,11.18,0.0582,Décote >10%,https://www.bienici.com/annonce/vente/toulouse/appartement/3pieces/ag060811-519983282
toulouse,Maison,229000.0,2544.44,4077.0,37.59,0.0599,Décote >20%,https://www.bienici.com/annonce/vente/toulouse/maison/4pieces/hektor-conseillim-14045
toulouse,Maison,480000.0,2944.79,4077.0,27.77,0.0518,Décote >20%,https://www.bienici.com/annonce/vente/toulouse/maison/5pieces/hektor-conseillim-14304
toulouse,Maison,575000.0,3127.55,4077.0,23.29,0.0487,Décote >20%,https://www.bienici.com/annonce/vente/toulouse/maison/6pieces/hektor-mytoulouse-768
toulouse,Appartement,129000.0,2529.41,3507.0,27.88,0.0716,Décote >20%,https://www.bienici.com/annonce/vente/toulouse/appartement/3pieces/adapt-immo-311895600
toulouse,Appartement,74000.0,2960.0,3507.0,15.6,0.0612,Décote >10%,https://www.bienici.com/annonce/vente/toulouse/appartement/1pieces/ag750949-519126557
toulouse,Appartement,85000.0,2726.11,3507.0,22.27,0.0665,Décote >20%,https://www.bienici.com/annonce/vente/toulouse/appartement/2pieces/iad-france-2036116
toulouse,Appartement,162000.0,2810.55,3507.0,19.86,0.0645,Décote >10%,https://www.bienici.com/annonce/vente/toulouse/appartement/3pieces/century-21-202_3118_30217
toulouse,Appartement,129000.0,2731.89,3507.0,22.1,0.0663,Décote >20%,https://www.bienici.com/annonce/vente/toulouse/appartement/3pieces/citya-immobilier-00178-TAPP967858
toulouse,Appartement,175000.0,2916.67,3507.0,16.83,0.0621,Décote >10%,https://www.bienici.com/annonce/vente/toulouse/appartement/4pieces/iad-france-2002948
toulouse,Appartement,153000.0,2602.93,3507.0,25.78,0.0696,Décote >20%,https://www.bienici.com/annonce/vente/toulouse/appartement/3pieces/citya-immobilier-20490-TAPP968399
toulouse,Appartement,165000.0,2603.76,3507.0,25.76,0.0696,Décote >20%,https://www.bienici.com/annonce/vente/toulouse/appartement/3pieces/century-21-202_3657_834
toulouse,Appartement,156000.0,2736.84,3507.0,21.96,0.0662,Décote >20%,https://www.bienici.com/annonce/vente/toulouse/appartement/3pieces/ag440414-516911339
toulouse,Appartement,310000.0,2792.79,3507.0,20.37,0.0649,Décote >20%,https://www.bienici.com/annonce/vente/toulouse/appartement/5pieces/iad-france-2025127
toulouse,Appartement,145000.0,1724.14,3507.0,50.84,0.1051,Décote >20%,https://www.bienici.com/annonce/vente/toulouse/appartement/5pieces/immo-facile-60148715
toulouse,Appartement,350000.0,2949.85,3507.0,15.89,0.0614,Décote >10%,https://www.bienici.com/annonce/vente/toulouse/appartement/4pieces/immo-facile-60141191
toulouse,Appartement,151900.0,1780.98,3507.0,49.22,0.1017,Décote >20%,https://www.bienici.com/annonce/vente/toulouse/appartement/4pieces/apimo-86783702
toulouse,Appartement,157500.0,2540.32,3507.0,27.56,0.0713,Décote >20%,https://www.bienici.com/annonce/vente/toulouse/appartement/3pieces/adapt-immo-31178232
toulouse,Appartement,225000.0,2586.21,3507.0,26.26,0.0701,Décote >20%,https://www.bienici.com/annonce/vente/toulouse/appartement/4pieces/safti-1-1603415
toulouse,Appartement,195000.0,3046.88,3507.0,13.12,0.0595,Décote >10%,https://www.bienici.com/annonce/vente/toulouse/appartement/3pieces/iad-france-2012883
toulouse,Maison,499000.0,2921.89,4077.0,28.33,0.0522,Décote >20%,https://www.bienici.com/annonce/vente/toulouse/maison/7pieces/iad-france-2011271
toulouse,Appartement,141700.0,2904.88,3507.0,17.17,0.0624,Décote >10%,https://www.bienici.com/annonce/vente/toulouse/appartement/2pieces/citya-immobilier-00178-TAPP965601
toulouse,Maison,525000.0,3000.0,4077.0,26.42,0.0508,Décote >20%,https://www.bienici.com/annonce/vente/toulouse/maison/5pieces/guy-hoquet-immo-facile-7429502
toulouse,Appartement,110000.0,1911.38,3507.0,45.5,0.0948,Décote >20%,https://www.bienici.com/annonce/vente/toulouse/appartement/3pieces/century-21-202_1052_121031
toulouse,Appartement,150000.0,2213.04,3507.0,36.9,0.0819,Décote >20%,https://www.bienici.com/annonce/vente/toulouse/appartement/3pieces/iad-france-2009409
toulouse,Appartement,199000.0,2842.86,3507.0,18.94,0.0637,Décote >10%,https://www.bienici.com/annonce/vente/toulouse/appartement/3pieces/citya-immobilier-9753-TAPP962159
toulouse,Appartement,160000.0,2666.67,3507.0,23.96,0.0679,Décote >20%,https://www.bienici.com/annonce/vente/toulouse/appartement/3pieces/ag314544-513137846
toulouse,Appartement,165000.0,2522.55,3507.0,28.07,0.0718,Décote >20%,https://www.bienici.com/annonce/vente/toulouse/appartement/3pieces/immo-facile-59987225
toulouse,Appartement,265000.0,3154.76,3507.0,10.04,0.0574,Décote >10%,https://www.bienici.com/annonce/vente/toulouse/appartement/4pieces/ag060811-512128013
toulouse,Appartement,209500.0,2508.98,3507.0,28.46,0.0722,Décote >20%,https://www.bienici.com/annonce/vente/toulouse/appartement/4pieces/citya-immobilier-00178-TAPP965450
toulouse,Appartement,175000.0,2573.53,3507.0,26.62,0.0704,Décote >20%,https://www.bienici.com/annonce/vente/toulouse/appartement/3pieces/ag440414-511627370
toulouse,Maison,483000.0,3018.75,4077.0,25.96,0.0505,Décote >20%,https://www.bienici.com/annonce/vente/toulouse/maison/5pieces/adapt-immo-31232105416
toulouse,Maison,320000.0,3650.47,4077.0,10.46,0.0417,Décote >10%,https://www.bienici.com/annonce/vente/toulouse/maison/4pieces/netty-company34235ort-house-1842
toulouse,Maison,474000.0,2618.78,4077.0,35.77,0.0582,Décote >20%,https://www.bienici.com/annonce/vente de prestige/toulouse/maison/6pieces/laforet-immo-facile-21742889
toulouse,Maison,410000.0,3388.43,4077.0,16.89,0.045,Décote >10%,https://www.bienici.com/annonce/vente/toulouse/maison/4pieces/ag440414-510561557
toulouse,Appartement,224000.0,2763.73,3507.0,21.19,0.0656,Décote >20%,https://www.bienici.com/annonce/vente/toulouse/appartement/4pieces/citya-immobilier-00178-TAPP964879
toulouse,Appartement,142500.0,2456.9,3507.0,29.94,0.0738,Décote >20%,https://www.bienici.com/annonce/vente/toulouse/appartement/3pieces/iad-france-1993065
toulouse,Appartement,140000.0,2978.72,3507.0,15.06,0.0608,Décote >10%,https://www.bienici.com/annonce/vente/toulouse/appartement/2pieces/iad-france-1992130
toulouse,Appartement,153000.0,3020.13,3507.0,13.88,0.06,Décote >10%,https://www.bienici.com/annonce/vente/toulouse/appartement/3pieces/citya-immobilier-00178-TAPP964427
toulouse,Appartement,183000.0,2497.95,3507.0,28.77,0.0725,Décote >20%,https://www.bienici.com/annonce/vente/toulouse/appartement/4pieces/century-21-202_3118_30119
toulouse,Appartement,179500.0,2991.67,3507.0,14.69,0.0606,Décote >10%,https://www.bienici.com/annonce/vente/toulouse/appartement/3pieces/iad-france-1992830
toulouse,Appartement,169000.0,2139.24,3507.0,39.0,0.0847,Décote >20%,https://www.bienici.com/annonce/vente/toulouse/appartement/4pieces/hektor-82_TOWER2022-12284
toulouse,Appartement,209000.0,2204.64,3507.0,37.14,0.0822,Décote >20%,https://www.bienici.com/annonce/vente/toulouse/appartement/5pieces/iad-france-1991386
toulouse,Appartement,164000.0,2670.57,3507.0,23.85,0.0679,Décote >20%,https://www.bienici.com/annonce/vente/toulouse/appartement/3pieces/citya-immobilier-00178-TAPP964309
toulouse,Maison,544000.0,3464.97,4077.0,15.01,0.044,Décote >10%,https://www.bienici.com/annonce/vente/toulouse/maison/6pieces/ag315077-508622750
toulouse,Maison,930000.0,2447.37,4077.0,39.97,0.0623,Décote >20%,https://www.bienici.com/annonce/vente/toulouse/maison/11pieces/ag311656-508344017
toulouse,Maison,394999.0,2468.74,4077.0,39.45,0.0617,Décote >20%,https://www.bienici.com/annonce/vente/toulouse/maison/6pieces/hektor-110_5_dhabitat-admin-40023
toulouse,Appartement,156600.0,2441.53,3507.0,30.38,0.0742,Décote >20%,https://www.bienici.com/annonce/vente/toulouse/appartement/3pieces/twimmo-2119082
toulouse,Appartement,95000.0,2317.07,3507.0,33.93,0.0782,Décote >20%,https://www.bienici.com/annonce/vente/toulouse/appartement/2pieces/hektor-kapimmo32600-521
toulouse,Appartement,186750.0,2384.75,3507.0,32.0,0.076,Décote >20%,https://www.bienici.com/annonce/vente/toulouse/appartement/4pieces/netty-company40779suy-appt-5091
toulouse,Maison,423280.0,1693.12,4077.0,58.47,0.09,Décote >20%,https://www.bienici.com/annonce/vente/toulouse/maison/8pieces/ag311656-506711180
toulouse,Appartement,155000.0,2325.58,3507.0,33.69,0.0779,Décote >20%,https://www.bienici.com/annonce/vente/toulouse/appartement/3pieces/iad-france-1979428
toulouse,Appartement,211000.0,2851.35,3507.0,18.7,0.0635,Décote >10%,https://www.bienici.com/annonce/vente/toulouse/appartement/3pieces/ag315077-504000632
toulouse,Maison,756000.0,3436.36,4077.0,15.71,0.0443,Décote >10%,https://www.bienici.com/annonce/vente/toulouse/maison/9pieces/ladresse-1-adresse-14229490
toulouse,Appartement,171000.0,2514.71,3507.0,28.29,0.0721,Décote >20%,https://www.bienici.com/annonce/vente/toulouse/appartement/3pieces/cabinet-bedin-6-BIC68-276
toulouse,Maison,215000.0,2443.18,4077.0,40.07,0.0624,Décote >20%,https://www.bienici.com/annonce/vente/toulouse/maison/4pieces/safti-1-1564032
toulouse,Appartement,196000.0,2840.58,3507.0,19.0,0.0638,Décote >10%,https://www.bienici.com/annonce/vente/toulouse/appartement/3pieces/iad-france-1955008
toulouse,Appartement,119900.0,2485.49,3507.0,29.13,0.0729,Décote >20%,https://www.bienici.com/annonce/vente/toulouse/appartement/2pieces/citya-immobilier-00178-TAPP961006
toulouse,Appartement,235000.0,2400.41,3507.0,31.55,0.0755,Décote >20%,https://www.bienici.com/annonce/vente/toulouse/appartement/4pieces/hektor-ESCUDERO-8341
toulouse,Appartement,139500.0,3032.61,3507.0,13.53,0.0598,Décote >10%,https://www.bienici.com/annonce/vente/toulouse/appartement/2pieces/adapt-immo-312628411
toulouse,Appartement,230000.0,2705.88,3507.0,22.84,0.067,Décote >20%,https://www.bienici.com/annonce/vente/toulouse/appartement/4pieces/ag311656-499419557
toulouse,Appartement,199000.0,2539.89,3507.0,27.58,0.0713,Décote >20%,https://www.bienici.com/annonce/vente/toulouse/appartement/5pieces/iad-france-1953499
toulouse,Appartement,225000.0,2158.27,3507.0,38.46,0.084,Décote >20%,https://www.bienici.com/annonce/vente/toulouse/appartement/4pieces/immo-facile-59472784
toulouse,Appartement,115000.0,2948.72,3507.0,15.92,0.0615,Décote >10%,https://www.bienici.com/annonce/vente/toulouse/appartement/2pieces/iad-france-1942652
toulouse,Appartement,168500.0,2839.57,3507.0,19.03,0.0638,Décote >10%,https://www.bienici.com/annonce/vente/toulouse/appartement/3pieces/netty-company34235ort-appt-2475
toulouse,Maison,235000.0,2829.62,4077.0,30.6,0.0539,Décote >20%,https://www.bienici.com/annonce/vente/toulouse/maison/4pieces/hektor-LANNES2020-46717
toulouse,Maison,299000.0,1993.33,4077.0,51.11,0.0765,Décote >20%,https://www.bienici.com/annonce/vente/toulouse/maison/6pieces/guy-hoquet-immo-facile-7397145
toulouse,Maison,380000.0,1617.02,4077.0,60.34,0.0942,Décote >20%,https://www.bienici.com/annonce/vente/toulouse/maison/7pieces/ag310791-493036235
toulouse,Appartement,88000.0,1951.22,3507.0,44.36,0.0929,Décote >20%,https://www.bienici.com/annonce/vente/toulouse/appartement/2pieces/century-21-202_1052_120761
toulouse,Appartement,115000.0,2053.57,3507.0,41.44,0.0882,Décote >20%,https://www.bienici.com/annonce/vente/toulouse/appartement/3pieces/iad-france-1925359
toulouse,Appartement,116000.0,2109.09,3507.0,39.86,0.0859,Décote >20%,https://www.bienici.com/annonce/vente/toulouse/appartement/3pieces/citya-immobilier-20490-TAPP957296
toulouse,Appartement,129000.0,1357.89,3507.0,61.28,0.1334,Décote >20%,https://www.bienici.com/annonce/vente/toulouse/appartement/4pieces/netty-company35153qdg-appt-5561
toulouse,Appartement,85600.0,1746.94,3507.0,50.19,0.1037,Décote >20%,https://www.bienici.com/annonce/vente/toulouse/appartement/2pieces/adapt-immo-3117856268
toulouse,Appartement,229900.0,2873.75,3507.0,18.06,0.0631,Décote >10%,https://www.bienici.com/annonce/vente/toulouse/appartement/4pieces/adapt-immo-3117856876
toulouse,Maison,285000.0,3097.83,4077.0,24.02,0.0492,Décote >20%,https://www.bienici.com/annonce/vente/toulouse/maison/4pieces/safti-1-1519187
toulouse,Maison,250000.0,1923.08,4077.0,52.83,0.0792,Décote >20%,https://www.bienici.com/annonce/vente/toulouse/maison/4pieces/hektor-IntegralImmobilierCugnaux-29724
toulouse,Maison,275000.0,3313.25,4077.0,18.73,0.046,Décote >10%,https://www.bienici.com/annonce/vente/toulouse/maison/4pieces/immo-facile-59118836
toulouse,Appartement,249000.0,2929.07,3507.0,16.48,0.0619,Décote >10%,https://www.bienici.com/annonce/vente/toulouse/appartement/4pieces/laforet-immo-facile-22702616
toulouse,Maison,379000.0,2960.94,4077.0,27.37,0.0515,Décote >20%,https://www.bienici.com/annonce/vente/toulouse/maison/6pieces/century-21-202_3360_1109
toulouse,Maison,368000.0,2991.87,4077.0,26.62,0.0509,Décote >20%,https://www.bienici.com/annonce/vente/toulouse/maison/5pieces/hektor-ACTIMO-440
toulouse,Appartement,176850.0,2408.74,3507.0,31.32,0.0752,Décote >20%,https://www.bienici.com/annonce/vente/toulouse/appartement/3pieces/nestenn-1-99939215797
toulouse,Appartement,184000.0,3075.89,3507.0,12.29,0.0589,Décote >10%,https://www.bienici.com/annonce/vente/toulouse/appartement/3pieces/hektor-ESCUDERO-8279
toulouse,Appartement,146000.0,2354.84,3507.0,32.85,0.0769,Décote >20%,https://www.bienici.com/annonce/vente/toulouse/appartement/3pieces/citya-immobilier-20490-TAPP939943
toulouse,Maison,279000.0,1835.53,4077.0,54.98,0.083,Décote >20%,https://www.bienici.com/annonce/vente/toulouse/maison/5pieces/immo-facile-58315651
toulouse,Appartement,140000.0,2438.6,3507.0,30.46,0.0743,Décote >20%,https://www.bienici.com/annonce/vente/toulouse/appartement/3pieces/netty-company41053fpu-appt-1922
toulouse,Maison,210000.0,2625.0,4077.0,35.61,0.0581,Décote >20%,https://www.bienici.com/annonce/vente/toulouse/maison/6pieces/iad-france-1794107
toulouse,Maison,224000.0,3200.0,4077.0,21.51,0.0476,Décote >20%,https://www.bienici.com/annonce/vente/toulouse/maison/3pieces/hektor-ACTIMO-434
toulouse,Appartement,65000.0,2881.21,3507.0,17.84,0.0629,Décote >10%,https://www.bienici.com/annonce/vente/toulouse/appartement/1pieces/netty-company34235ort-appt-2196
toulouse,Appartement,220000.0,3047.09,3507.0,13.11,0.0595,Décote >10%,https://www.bienici.com/annonce/vente/toulouse/appartement/3pieces/century-21-202_1052_111095
toulouse,Appartement,99000.0,2475.0,3507.0,29.43,0.0732,Décote >20%,https://www.bienici.com/annonce/vente/toulouse/appartement/2pieces/citya-immobilier-20490-TAPP935781
toulouse,Appartement,99500.0,2117.02,3507.0,39.63,0.0856,Décote >20%,https://www.bienici.com/annonce/vente/toulouse/appartement/2pieces/adapt-immo-312623907
l'union,Maison,379000.0,2707.14,3031.0,10.68,0.0527,Décote >10%,https://www.bienici.com/annonce/vente/l-union/maison/5pieces/immo-facile-55872845
toulouse,Appartement,124000.0,2137.93,3507.0,39.04,0.0848,Décote >20%,https://www.bienici.com/annonce/vente/toulouse/appartement/3pieces/adapt-immo-312623587
toulouse,Appartement,236000.0,3146.67,3507.0,10.27,0.0576,Décote >10%,https://www.bienici.com/annonce/vente/toulouse/appartement/3pieces/hektor-ACTIMO-267
toulouse,Maison,169000.0,3072.73,4077.0,24.63,0.0496,Décote >20%,https://www.bienici.com/annonce/vente/toulouse/maison/3pieces/iad-france-864123
toulouse,Appartement,113000.0,2690.48,3507.0,23.28,0.0673,Décote >20%,https://www.bienici.com/annonce/vente/toulouse/appartement/2pieces/netty-company35153qdg-appt-6196
toulouse,Maison,475000.0,3166.67,4077.0,22.33,0.0481,Décote >20%,https://www.bienici.com/annonce/vente/toulouse/maison/5pieces/era-2-60450354
toulouse,Appartement,149500.0,2491.67,3507.0,28.95,0.0727,Décote >20%,https://www.bienici.com/annonce/vente/toulouse/appartement/3pieces/ics-cal_CALISSATOU_tra-TAPP277148636A
toulouse,Maison,519000.0,3223.6,4077.0,20.93,0.0473,Décote >20%,https://www.bienici.com/annonce/vente/toulouse/maison/6pieces/immo-facile-60426933
saint-gaudens,Maison,143000.0,1021.43,1568.0,34.86,0.1281,Décote >20%,https://www.bienici.com/annonce/vente/saint-gaudens/maison/6pieces/iad-france-867981
toulouse,Appartement,250000.0,3125.0,3507.0,10.89,0.058,Décote >10%,https://www.bienici.com/annonce/vente/toulouse/appartement/4pieces/era-2-60308281
toulouse,Maison,730000.0,2474.58,4077.0,39.3,0.0616,Décote >20%,https://www.bienici.com/annonce/vente/toulouse/maison/7pieces/ag311656-524245670
auterive,Maison,393000.0,2105.66,2393.0,12.01,0.0672,Décote >10%,https://www.bienici.com/annonce/vente/auterive/maison/5pieces/iad-france-868614
muret,Maison,587000.0,2174.07,2832.0,23.23,0.0778,Décote >20%,https://www.bienici.com/annonce/vente/muret/maison/8pieces/iad-france-825302
toulouse,Appartement,154900.0,2498.39,3507.0,28.76,0.0725,Décote >20%,https://www.bienici.com/annonce/vente/toulouse/appartement/3pieces/ag133861-524140535
toulouse,Appartement,199900.0,2738.36,3507.0,21.92,0.0662,Décote >20%,https://www.bienici.com/annonce/vente/toulouse/appartement/3pieces/ag133861-524140910
toulouse,Appartement,135000.0,1849.32,3507.0,47.27,0.098,Décote >20%,https://www.bienici.com/annonce/vente/toulouse/appartement/3pieces/ag315078-524133188
toulouse,Appartement,116500.0,2841.46,3507.0,18.98,0.0638,Décote >10%,https://www.bienici.com/annonce/vente/toulouse/appartement/2pieces/nestenn-1-99939504976
toulouse,Appartement,194300.0,2813.09,3507.0,19.79,0.0644,Décote >10%,https://www.bienici.com/annonce/vente/toulouse/appartement/3pieces/netty-semenadisse-appt-1038
toulouse,Appartement,199000.0,2426.83,3507.0,30.8,0.0747,Décote >20%,https://www.bienici.com/annonce/vente/toulouse/appartement/3pieces/citya-immobilier-20490-TAPP970383
toulouse,Maison,315000.0,2282.61,4077.0,44.01,0.0668,Décote >20%,https://www.bienici.com/annonce/vente/toulouse/maison/4pieces/iad-france-870731
toulouse,Maison,219000.0,3369.23,4077.0,17.36,0.0452,Décote >10%,https://www.bienici.com/annonce/vente/toulouse/maison/3pieces/safti-1-1638042
toulouse,Maison,204900.0,3252.38,4077.0,20.23,0.0469,Décote >20%,https://www.bienici.com/annonce/vente/toulouse/maison/3pieces/ag133861-523903220
toulouse,Maison,279900.0,3455.56,4077.0,15.24,0.0441,Décote >10%,https://www.bienici.com/annonce/vente/toulouse/maison/4pieces/ag133861-523902866
toulouse,Appartement,149900.0,3059.18,3507.0,12.77,0.0592,Décote >10%,https://www.bienici.com/annonce/vente/toulouse/appartement/2pieces/ag133861-523854908
toulouse,Appartement,219000.0,3146.55,3507.0,10.28,0.0576,Décote >10%,https://www.bienici.com/annonce/vente/toulouse/appartement/3pieces/immo-facile-60408399
toulouse,Maison,445000.0,3201.44,4077.0,21.48,0.0476,Décote >20%,https://www.bienici.com/annonce/vente/toulouse/maison/4pieces/adapt-immo-311895596
toulouse,Appartement,119000.0,2016.95,3507.0,42.49,0.0898,Décote >20%,https://www.bienici.com/annonce/vente/toulouse/appartement/3pieces/ag315078-523583378
toulouse,Appartement,120000.0,2349.26,3507.0,33.01,0.0771,Décote >20%,https://www.bienici.com/annonce/vente/toulouse/appartement/2pieces/century-21-202_1052_121079
l'union,Maison,340000.0,2361.11,3031.0,22.1,0.0605,Décote >20%,https://www.bienici.com/annonce/vente/l-union/maison/5pieces/netty-company41053fpu-house-306
toulouse,Appartement,133700.0,2175.75,3507.0,37.96,0.0833,Décote >20%,https://www.bienici.com/annonce/vente/toulouse/appartement/3pieces/immo-facile-60148730
toulouse,Maison,590000.0,2458.33,4077.0,39.7,0.062,Décote >20%,https://www.bienici.com/annonce/vente/toulouse/maison/5pieces/ag315078-523367576
saint-jean,Maison,490000.0,1863.12,3005.0,38.0,0.0998,Décote >20%,https://www.bienici.com/annonce/vente/saint-jean/maison/11pieces/ag756528-523330409
toulouse,Maison,832000.0,3466.67,4077.0,14.97,0.044,Décote >10%,https://www.bienici.com/annonce/vente/toulouse/maison/6pieces/apimo-86872770
saint-gaudens,Maison,129000.0,1066.12,1568.0,32.01,0.1227,Décote >20%,https://www.bienici.com/annonce/vente/saint-gaudens/maison/4pieces/iad-france-865554
toulouse,Maison,222600.0,2828.46,4077.0,30.62,0.0539,Décote >20%,https://www.bienici.com/annonce/vente/toulouse/maison/4pieces/apimo-86899850
toulouse,Appartement,142500.0,2500.0,3507.0,28.71,0.0725,Décote >20%,https://www.bienici.com/annonce/vente/toulouse/appartement/3pieces/nestenn-1-99939497724
toulouse,Appartement,147000.0,3114.41,3507.0,11.19,0.0582,Décote >10%,https://www.bienici.com/annonce/vente/toulouse/appartement/2pieces/immo-facile-60231919
toulouse,Appartement,149000.0,2044.46,3507.0,41.7,0.0886,Décote >20%,https://www.bienici.com/annonce/vente/toulouse/appartement/3pieces/citya-immobilier-9753-TAPP969829
toulouse,Maison,549000.0,3229.41,4077.0,20.79,0.0472,Décote >20%,https://www.bienici.com/annonce/vente de prestige/toulouse/maison/5pieces/safti-1-1624804
toulouse,Maison,180000.0,2697.44,4077.0,33.84,0.0565,Décote >20%,https://www.bienici.com/annonce/vente/toulouse/maison/3pieces/hektor-ESCUDERO-8374
toulouse,Maison,565000.0,2810.95,4077.0,31.05,0.0542,Décote >20%,https://www.bienici.com/annonce/vente/toulouse/maison/6pieces/ag314194-522119942
toulouse,Appartement,179000.0,3138.7,3507.0,10.5,0.0577,Décote >10%,https://www.bienici.com/annonce/vente/toulouse/appartement/2pieces/century-21-202_3255_20258
toulouse,Appartement,150000.0,2343.75,3507.0,33.17,0.0773,Décote >20%,https://www.bienici.com/annonce/vente/toulouse/appartement/3pieces/safti-1-1632450
toulouse,Appartement,162500.0,2801.72,3507.0,20.11,0.0647,Décote >20%,https://www.bienici.com/annonce/vente/toulouse/appartement/3pieces/ag314200-522130208
toulouse,Appartement,147000.0,1837.5,3507.0,47.6,0.0986,Décote >20%,https://www.bienici.com/annonce/vente/toulouse/appartement/5pieces/ag310791-521814932
toulouse,Maison,650000.0,3155.34,4077.0,22.61,0.0483,Décote >20%,https://www.bienici.com/annonce/vente/toulouse/maison/7pieces/adapt-immo-31232106949
toulouse,Appartement,114000.0,2714.29,3507.0,22.6,0.0668,Décote >20%,https://www.bienici.com/annonce/vente/toulouse/appartement/2pieces/adapt-immo-311895611
toulouse,Maison,515000.0,2861.11,4077.0,29.82,0.0533,Décote >20%,https://www.bienici.com/annonce/vente de prestige/toulouse/maison/6pieces/safti-1-1626224
toulouse,Appartement,132500.0,2500.0,3507.0,28.71,0.0725,Décote >20%,https://www.bienici.com/annonce/vente/toulouse/appartement/3pieces/adapt-immo-3117862968
colomiers,Maison,430000.0,2810.46,3335.0,15.73,0.0521,Décote >10%,https://www.bienici.com/annonce/vente/colomiers/maison/5pieces/iad-france-859547
toulouse,Appartement,79000.0,3038.46,3507.0,13.36,0.0596,Décote >10%,https://www.bienici.com/annonce/vente/toulouse/appartement/1pieces/ag750949-521286407
toulouse,Maison,269000.0,3240.96,4077.0,20.51,0.047,Décote >20%,https://www.bienici.com/annonce/vente/toulouse/maison/4pieces/ladresse-1-adresse-14315545
toulouse,Appartement,96500.0,2117.16,3507.0,39.63,0.0856,Décote >20%,https://www.bienici.com/annonce/vente/toulouse/appartement/2pieces/apimo-86847971
toulouse,Appartement,128000.0,2976.74,3507.0,15.12,0.0609,Décote >10%,https://www.bienici.com/annonce/vente/toulouse/appartement/2pieces/ag750949-520998491
toulouse,Appartement,68000.0,2956.52,3507.0,15.7,0.0613,Décote >10%,https://www.bienici.com/annonce/vente/toulouse/appartement/1pieces/ag750949-520983446
toulouse,Appartement,103000.0,2942.86,3507.0,16.09,0.0616,Décote >10%,https://www.bienici.com/annonce/vente/toulouse/appartement/2pieces/ag750949-520983449
toulouse,Appartement,149000.0,2483.33,3507.0,29.19,0.073,Décote >20%,https://www.bienici.com/annonce/vente/toulouse/appartement/3pieces/ag752647-520743173
toulouse,Appartement,225000.0,2678.57,3507.0,23.62,0.0676,Décote >20%,https://www.bienici.com/annonce/vente/toulouse/appartement/4pieces/immo-facile-60235580
toulouse,Appartement,159900.0,2460.0,3507.0,29.85,0.0737,Décote >20%,https://www.bienici.com/annonce/vente/toulouse/appartement/3pieces/guy-hoquet-immo-facile-7492917
toulouse,Appartement,162000.0,2571.43,3507.0,26.68,0.0705,Décote >20%,https://www.bienici.com/annonce/vente/toulouse/appartement/3pieces/hektor-serenityimmo-15066
toulouse,Appartement,120000.0,2863.96,3507.0,18.34,0.0633,Décote >10%,https://www.bienici.com/annonce/vente/toulouse/appartement/2pieces/iad-france-2021952
toulouse,Appartement,242000.0,2925.89,3507.0,16.57,0.0619,Décote >10%,https://www.bienici.com/annonce/vente/toulouse/appartement/4pieces/netty-company40775jgw-appt-3002
toulouse,Appartement,310000.0,2627.12,3507.0,25.09,0.069,Décote >20%,https://www.bienici.com/annonce/vente/toulouse/appartement/5pieces/era-2-60224545
toulouse,Appartement,177900.0,3142.0,3507.0,10.41,0.0577,Décote >10%,https://www.bienici.com/annonce/vente/toulouse/appartement/3pieces/netty-semenadisse-appt-1035
toulouse,Appartement,160000.0,2285.71,3507.0,34.82,0.0793,Décote >20%,https://www.bienici.com/annonce/vente/toulouse/appartement/5pieces/safti-1-1626255
balma,Maison,582000.0,3163.04,3894.0,18.77,0.0493,Décote >10%,https://www.bienici.com/annonce/vente/balma/maison/6pieces/adapt-immo-311895606
toulouse,Appartement,129600.0,2356.36,3507.0,32.81,0.0769,Décote >20%,https://www.bienici.com/annonce/vente/toulouse/appartement/3pieces/ag310791-519726818
toulouse,Maison,247000.0,2572.92,4077.0,36.89,0.0592,Décote >20%,https://www.bienici.com/annonce/vente/toulouse/maison/4pieces/safti-1-1621072
toulouse,Appartement,106560.0,2518.55,3507.0,28.18,0.0719,Décote >20%,https://www.bienici.com/annonce/vente/toulouse/appartement/2pieces/ladresse-1-adresse-14303231
toulouse,Appartement,149000.0,2328.12,3507.0,33.61,0.0778,Décote >20%,https://www.bienici.com/annonce/vente/toulouse/appartement/2pieces/hektor-astransaction31500-32769
balma,Maison,950000.0,3166.67,3894.0,18.68,0.0493,Décote >10%,https://www.bienici.com/annonce/vente/balma/maison/7pieces/iad-france-2034304
auterive,Maison,319000.0,1670.16,2393.0,30.21,0.0848,Décote >20%,https://www.bienici.com/annonce/vente/auterive/maison/7pieces/iad-france-2030915
toulouse,Appartement,65000.0,3095.24,3507.0,11.74,0.0585,Décote >10%,https://www.bienici.com/annonce/vente/toulouse/appartement/1pieces/ag440414-518993279
toulouse,Appartement,205000.0,2915.66,3507.0,16.86,0.0621,Décote >10%,https://www.bienici.com/annonce/vente/toulouse/appartement/3pieces/guy-hoquet-immo-facile-7467880
toulouse,Maison,567000.0,3500.0,4077.0,14.15,0.0435,Décote >10%,https://www.bienici.com/annonce/vente/toulouse/maison/6pieces/ag752647-518434799
toulouse,Appartement,109000.0,2595.24,3507.0,26.0,0.0698,Décote >20%,https://www.bienici.com/annonce/vente/toulouse/appartement/2pieces/hektor-serenityimmo-22327
toulouse,Appartement,159990.0,2499.84,3507.0,28.72,0.0725,Décote >20%,https://www.bienici.com/annonce/vente/toulouse/appartement/3pieces/hektor-serenityimmo-22328
toulouse,Maison,373000.0,2869.23,4077.0,29.62,0.0531,Décote >20%,https://www.bienici.com/annonce/vente/toulouse/maison/4pieces/ag315078-518298752
toulouse,Appartement,130000.0,2407.41,3507.0,31.35,0.0753,Décote >20%,https://www.bienici.com/annonce/vente/toulouse/appartement/3pieces/safti-1-1612959
toulouse,Appartement,125500.0,2988.1,3507.0,14.8,0.0606,Décote >10%,https://www.bienici.com/annonce/vente/toulouse/appartement/2pieces/ag750949-518237144
balma,Maison,615000.0,3106.06,3894.0,20.23,0.0502,Décote >20%,https://www.bienici.com/annonce/vente/balma/maison/7pieces/iad-france-2031060
toulouse,Appartement,153000.0,2318.18,3507.0,33.9,0.0782,Décote >20%,https://www.bienici.com/annonce/vente/toulouse/appartement/3pieces/ics-tag_TAGERIM_tra-TAPP176
toulouse,Appartement,259500.0,2256.52,3507.0,35.66,0.0803,Décote >20%,https://www.bienici.com/annonce/vente/toulouse/appartement/3pieces/hektor-ag311386-60600
toulouse,Appartement,220000.0,2558.14,3507.0,27.06,0.0708,Décote >20%,https://www.bienici.com/annonce/vente/toulouse/appartement/4pieces/adapt-immo-3109650551
toulouse,Appartement,256900.0,2677.99,3507.0,23.64,0.0677,Décote >20%,https://www.bienici.com/annonce/vente/toulouse/appartement/4pieces/immo-facile-60145735
toulouse,Appartement,231500.0,2544.24,3507.0,27.45,0.0712,Décote >20%,https://www.bienici.com/annonce/vente/toulouse/appartement/4pieces/century-21-202_432_27535
plaisance-du-touch,Maison,360000.0,2627.74,3373.0,22.09,0.0699,Décote >20%,https://www.bienici.com/annonce/vente/plaisance-du-touch/maison/5pieces/iad-france-2007999
toulouse,Appartement,150000.0,2419.35,3507.0,31.01,0.0749,Décote >20%,https://www.bienici.com/annonce/vente/toulouse/appartement/3pieces/ag310791-517272068
toulouse,Appartement,145000.0,2053.82,3507.0,41.44,0.0882,Décote >20%,https://www.bienici.com/annonce/vente/toulouse/appartement/4pieces/laforet-immo-facile-52538027
toulouse,Appartement,185000.0,3083.33,3507.0,12.08,0.0588,Décote >10%,https://www.bienici.com/annonce/vente/toulouse/appartement/3pieces/netty-company54152kvh-appt-2190
tournefeuille,Maison,499800.0,2071.88,3298.0,37.18,0.0707,Décote >20%,https://www.bienici.com/annonce/vente/tournefeuille/maison/10pieces/century-21-202_3657_753
toulouse,Appartement,185000.0,2761.19,3507.0,21.27,0.0656,Décote >20%,https://www.bienici.com/annonce/vente/toulouse/appartement/5pieces/safti-1-1613765
toulouse,Appartement,149000.0,2285.28,3507.0,34.84,0.0793,Décote >20%,https://www.bienici.com/annonce/vente/toulouse/appartement/3pieces/iad-france-2023336
toulouse,Appartement,185000.0,1887.76,3507.0,46.17,0.096,Décote >20%,https://www.bienici.com/annonce/vente/toulouse/appartement/5pieces/ag440414-516778259
saint-orens-de-gameville,Maison,499000.0,2268.18,3083.0,26.43,0.0645,Décote >20%,https://www.bienici.com/annonce/vente/saint-orens-de-gameville/maison/7pieces/iad-france-2013380
toulouse,Appartement,167400.0,2293.15,3507.0,34.61,0.079,Décote >20%,https://www.bienici.com/annonce/vente/toulouse/appartement/3pieces/ag310791-516720629
toulouse,Appartement,67900.0,1575.41,3507.0,55.08,0.115,Décote >20%,https://www.bienici.com/annonce/vente/toulouse/appartement/2pieces/netty-semenadisse-appt-1008
toulouse,Appartement,150000.0,2400.38,3507.0,31.55,0.0755,Décote >20%,https://www.bienici.com/annonce/vente/toulouse/appartement/3pieces/hektor-2104_EXPERTIMO22-270915
toulouse,Maison,440000.0,2875.82,4077.0,29.46,0.053,Décote >20%,https://www.bienici.com/annonce/vente/toulouse/maison/6pieces/safti-1-1612452
toulouse,Appartement,222500.0,2708.46,3507.0,22.77,0.0669,Décote >20%,https://www.bienici.com/annonce/vente/toulouse/appartement/4pieces/netty-company40385txo-appt-1964
toulouse,Appartement,157000.0,2492.06,3507.0,28.94,0.0727,Décote >20%,https://www.bienici.com/annonce/vente/toulouse/appartement/3pieces/ag311656-516060587
toulouse,Appartement,230000.0,2674.42,3507.0,23.74,0.0678,Décote >20%,https://www.bienici.com/annonce/vente/toulouse/appartement/4pieces/adapt-immo-311895581
toulouse,Appartement,127000.0,1788.73,3507.0,49.0,0.1013,Décote >20%,https://www.bienici.com/annonce/vente/toulouse/appartement/3pieces/safti-1-1607382
toulouse,Appartement,46000.0,2090.91,3507.0,40.38,0.0867,Décote >20%,https://www.bienici.com/annonce/vente/toulouse/appartement/1pieces/citya-immobilier-20490-TAPP965457
muret,Maison,299990.0,2399.92,2832.0,15.26,0.0705,Décote >10%,https://www.bienici.com/annonce/vente/muret/maison/5pieces/iad-france-2021495
toulouse,Maison,370000.0,3592.23,4077.0,11.89,0.0424,Décote >10%,https://www.bienici.com/annonce/vente/toulouse/maison/5pieces/adapt-immo-3105629352
toulouse,Appartement,91000.0,2459.46,3507.0,29.87,0.0737,Décote >20%,https://www.bienici.com/annonce/vente/toulouse/appartement/2pieces/ag750949-515728241
toulouse,Appartement,129000.0,2047.62,3507.0,41.61,0.0885,Décote >20%,https://www.bienici.com/annonce/vente/toulouse/appartement/3pieces/immo-facile-60117986
toulouse,Appartement,160000.0,2666.67,3507.0,23.96,0.0679,Décote >20%,https://www.bienici.com/annonce/vente/toulouse/appartement/3pieces/safti-1-1610562
saint-lys,Maison,365000.0,2185.63,2778.0,21.32,0.0741,Décote >20%,https://www.bienici.com/annonce/vente/saint-lys/maison/8pieces/ag060811-493853180
toulouse,Maison,347750.0,2431.82,4077.0,40.35,0.0627,Décote >20%,https://www.bienici.com/annonce/vente/toulouse/maison/7pieces/ag314192-515215469
toulouse,Appartement,169000.0,2347.22,3507.0,33.07,0.0772,Décote >20%,https://www.bienici.com/annonce/vente/toulouse/appartement/3pieces/ag314213-515189195
plaisance-du-touch,Maison,450000.0,1590.11,3373.0,52.86,0.1155,Décote >20%,https://www.bienici.com/annonce/vente/plaisance-du-touch/maison/7pieces/ag060811-514871819
toulouse,Appartement,143500.0,2079.71,3507.0,40.7,0.0871,Décote >20%,https://www.bienici.com/annonce/vente/toulouse/appartement/3pieces/safti-1-1608273
saint-gaudens,Maison,125000.0,631.31,1568.0,59.74,0.2072,Décote >20%,https://www.bienici.com/annonce/vente/saint-gaudens/maison/7pieces/iad-france-2006814
colomiers,Appartement,145000.0,1936.17,2506.0,22.74,0.0855,Décote >20%,https://www.bienici.com/annonce/vente/colomiers/appartement/4pieces/laforet-immo-facile-52516678
toulouse,Appartement,197000.0,2525.64,3507.0,27.98,0.0717,Décote >20%,https://www.bienici.com/annonce/vente/toulouse/appartement/3pieces/ag311656-514639985
toulouse,Maison,399000.0,2912.41,4077.0,28.56,0.0523,Décote >20%,https://www.bienici.com/annonce/vente/toulouse/maison/6pieces/adapt-immo-312701925
toulouse,Appartement,200000.0,2857.14,3507.0,18.53,0.0634,Décote >10%,https://www.bienici.com/annonce/vente de prestige/toulouse/appartement/3pieces/netty-company34235ort-appt-2630
toulouse,Appartement,92000.0,2628.57,3507.0,25.05,0.0689,Décote >20%,https://www.bienici.com/annonce/vente/toulouse/appartement/2pieces/ag750949-514349204
toulouse,Appartement,230000.0,2705.88,3507.0,22.84,0.067,Décote >20%,https://www.bienici.com/annonce/vente/toulouse/appartement/4pieces/ag315078-514071548
toulouse,Maison,265000.0,3312.5,4077.0,18.75,0.046,Décote >10%,https://www.bienici.com/annonce/vente/toulouse/maison/4pieces/netty-company35153qdg-house-6814
toulouse,Appartement,175000.0,2973.66,3507.0,15.21,0.0609,Décote >10%,https://www.bienici.com/annonce/vente/toulouse/appartement/3pieces/nestenn-1-99939430884
toulouse,Appartement,349000.0,2726.56,3507.0,22.25,0.0665,Décote >20%,https://www.bienici.com/annonce/vente/toulouse/appartement/4pieces/ag440414-513874886
toulouse,Appartement,468000.0,3058.82,3507.0,12.78,0.0592,Décote >10%,https://www.bienici.com/annonce/vente/toulouse/appartement/5pieces/ag440414-513874976
toulouse,Appartement,141500.0,2222.05,3507.0,36.64,0.0815,Décote >20%,https://www.bienici.com/annonce/vente/toulouse/appartement/3pieces/century-21-202_432_27422
toulouse,Appartement,139000.0,2895.83,3507.0,17.43,0.0626,Décote >10%,https://www.bienici.com/annonce/vente/toulouse/appartement/2pieces/safti-1-1601711
fonsorbes,Maison,336000.0,2688.0,3075.0,12.59,0.0616,Décote >10%,https://www.bienici.com/annonce/vente/fonsorbes/maison/5pieces/hektor-hektor-1_lequipeimmo-3237
toulouse,Appartement,109000.0,2018.52,3507.0,42.44,0.0898,Décote >20%,https://www.bienici.com/annonce/vente/toulouse/appartement/3pieces/ag314621-513443294
toulouse,Appartement,129000.0,2757.0,3507.0,21.39,0.0657,Décote >20%,https://www.bienici.com/annonce/vente/toulouse/appartement/2pieces/ladresse-1-adresse-14274818
toulouse,Appartement,55500.0,2522.73,3507.0,28.07,0.0718,Décote >20%,https://www.bienici.com/annonce/vente/toulouse/appartement/1pieces/netty-company53666edp-appt-7267
toulouse,Maison,315000.0,2806.74,4077.0,31.16,0.0543,Décote >20%,https://www.bienici.com/annonce/vente/toulouse/maison/4pieces/ladresse-1-adresse-14270296
saint-lys,Maison,339000.0,1893.33,2778.0,31.85,0.0856,Décote >20%,https://www.bienici.com/annonce/vente/saint-lys/maison/7pieces/century-21-202_3607_1787
toulouse,Appartement,178000.0,2776.91,3507.0,20.82,0.0653,Décote >20%,https://www.bienici.com/annonce/vente/toulouse/appartement/3pieces/iad-france-2004815
toulouse,Maison,749500.0,3469.91,4077.0,14.89,0.0439,Décote >10%,https://www.bienici.com/annonce/vente/toulouse/maison/6pieces/ag314194-512428172
toulouse,Appartement,119000.0,1698.54,3507.0,51.57,0.1067,Décote >20%,https://www.bienici.com/annonce/vente/toulouse/appartement/3pieces/citya-immobilier-9753-TAPP965699
toulouse,Maison,265000.0,2070.31,4077.0,49.22,0.0736,Décote >20%,https://www.bienici.com/annonce/vente/toulouse/maison/5pieces/ag310791-512219669
toulouse,Appartement,113000.0,2947.31,3507.0,15.96,0.0615,Décote >10%,https://www.bienici.com/annonce/vente/toulouse/appartement/2pieces/laforet-immo-facile-22422811
toulouse,Appartement,159000.0,2143.72,3507.0,38.87,0.0845,Décote >20%,https://www.bienici.com/annonce/vente/toulouse/appartement/5pieces/immo-facile-59711374
toulouse,Maison,475000.0,3166.67,4077.0,22.33,0.0481,Décote >20%,https://www.bienici.com/annonce/vente/toulouse/maison/5pieces/era-2-59974676
toulouse,Appartement,139600.0,2971.48,3507.0,15.27,0.061,Décote >10%,https://www.bienici.com/annonce/vente/toulouse/appartement/2pieces/netty-semenadisse-appt-1011
toulouse,Appartement,205000.0,2991.39,3507.0,14.7,0.0606,Décote >10%,https://www.bienici.com/annonce/vente/toulouse/appartement/3pieces/hektor-dpc-immo1-14461
toulouse,Maison,715000.0,2979.17,4077.0,26.93,0.0512,Décote >20%,https://www.bienici.com/annonce/vente/toulouse/maison/8pieces/immo-facile-59269050
balma,Maison,449000.0,3493.89,3894.0,10.27,0.0446,Décote >10%,https://www.bienici.com/annonce/vente/balma/maison/7pieces/iad-france-1990243
toulouse,Appartement,191200.0,2451.28,3507.0,30.1,0.0739,Décote >20%,https://www.bienici.com/annonce/vente/toulouse/appartement/4pieces/hektor-AVIVRIMMO31-23719
toulouse,Appartement,215000.0,2687.5,3507.0,23.37,0.0674,Décote >20%,https://www.bienici.com/annonce/vente/toulouse/appartement/4pieces/ag752647-511105799
toulouse,Maison,385000.0,3437.5,4077.0,15.69,0.0443,Décote >10%,https://www.bienici.com/annonce/vente/toulouse/maison/5pieces/ag314213-510988736
toulouse,Appartement,169000.0,2682.54,3507.0,23.51,0.0675,Décote >20%,https://www.bienici.com/annonce/vente/toulouse/appartement/3pieces/ag311656-510894827
toulouse,Appartement,107500.0,1290.05,3507.0,63.21,0.1405,Décote >20%,https://www.bienici.com/annonce/vente/toulouse/appartement/5pieces/apimo-86601839
castelginest,Appartement,149000.0,1552.08,2629.0,40.96,0.1013,Décote >20%,https://www.bienici.com/annonce/vente/castelginest/appartement/4pieces/iad-france-1995810
toulouse,Appartement,104000.0,3107.26,3507.0,11.4,0.0583,Décote >10%,https://www.bienici.com/annonce/vente/toulouse/appartement/2pieces/iad-france-1983380
revel,Maison,219000.0,1510.76,2223.0,32.04,0.0874,Décote >20%,https://www.bienici.com/annonce/vente/revel/maison/5pieces/iad-france-1981794
